rank,correlation,rmse,mislabeling_risk,comparison_type,sample1_filename,sample1_id,sample1_crop,sample1_type,sample1_timepoint,sample1_run_date,sample2_filename,sample2_id,sample2_crop,sample2_type,sample2_timepoint,sample2_run_date,hypothesis,n_valid_points
1,0.9859801474993785,0.016315532,Critical - Very likely mislabeled,soil_vs_root,13C_soil_soybean_pot94_10wk.dpt,94,soy,soil,wk10,12/5/24,13C_root_wheat_pot80_10wk.dpt,80,soy,root,wk10,12/5/24,'soil' sample 13C_soil_soybean_pot94_10wk.dpt might actually be root tissue,2799
2,0.979434553,0.010078956629439416,Critical - Very likely mislabeled,soil_vs_root,13C_soil_rice_pot79_0wk.dpt,79,rice,soil,wk0,12/5/24,13C_root_wheat_pot80_10wk.dpt,80,soy,root,wk10,12/5/24,'soil' sample 13C_soil_rice_pot79_0wk.dpt might actually be root tissue,2799
3,0.9704112445476666,0.011377489574798635,Critical - Very likely mislabeled,soil_vs_root,13C_soil_rice_pot119_10wk.dpt,119,rice,soil,wk10,12/5/24,13C_root_wheat_pot80_10wk.dpt,80,soy,root,wk10,12/5/24,'soil' sample 13C_soil_rice_pot119_10wk.dpt might actually be root tissue,2799
4,0.9687617058121071,0.012775223220221512,Critical - Very likely mislabeled,soil_vs_root,13C_soil_soybean_pot12_10wk.dpt,12,soy,soil,wk10,12/9/24,13C_root_soybean_pot62_0wk.dpt,62,soy,root,wk0,12/9/24,'soil' sample 13C_soil_soybean_pot12_10wk.dpt might actually be root tissue,5599
5,0.9632285359921144,0.013649081062917517,Critical - Very likely mislabeled,soil_vs_root,13C_soil_soybean_pot50_0wk.dpt,50,soy,soil,wk0,12/5/24,13C_root_soybean_pot62_0wk.dpt,62,soy,root,wk0,12/9/24,'soil' sample 13C_soil_soybean_pot50_0wk.dpt might actually be root tissue,2799
6,0.9613601245684459,0.009506558,Critical - Very likely mislabeled,soil_vs_root,13C_soil_wheat_pot29_10wk.dpt,29,wheat,soil,wk10,12/9/24,13C_root_soybean_pot62_0wk.dpt,62,soy,root,wk0,12/9/24,'soil' sample 13C_soil_wheat_pot29_10wk.dpt might actually be root tissue,5599
7,0.9591971906829597,0.017272649121658868,Critical - Very likely mislabeled,soil_vs_root,13C_soil_soybean_pot28_0wk.dpt,28,wheat,soil,wk0,12/9/24,13C_root_soybean_pot62_0wk.dpt,62,soy,root,wk0,12/9/24,'soil' sample 13C_soil_soybean_pot28_0wk.dpt might actually be root tissue,5599
8,0.9590930231942816,0.013561546,Critical - Very likely mislabeled,soil_vs_root,13C_soil_wheat_pot28_0wk.dpt,28,wheat,soil,wk0,12/5/24,13C_root_soybean_pot62_0wk.dpt,62,soy,root,wk0,12/9/24,'soil' sample 13C_soil_wheat_pot28_0wk.dpt might actually be root tissue,2799
9,0.9567957594370534,0.010182573,Critical - Very likely mislabeled,soil_vs_root,13C_soil_rice_pot87_10wk.dpt,87,rice,soil,wk10,12/5/24,13C_root_wheat_pot80_10wk.dpt,80,soy,root,wk10,12/5/24,'soil' sample 13C_soil_rice_pot87_10wk.dpt might actually be root tissue,2799
10,0.9560114938620872,0.011575788,Critical - Very likely mislabeled,soil_vs_root,13C_soil_soybean_pot80_10wk.dpt,80,soy,soil,wk10,12/9/24,13C_root_soybean_pot62_0wk.dpt,62,soy,root,wk0,12/9/24,'soil' sample 13C_soil_soybean_pot80_10wk.dpt might actually be root tissue,5599
11,0.9554933253420166,0.010860203124842628,Critical - Very likely mislabeled,soil_vs_root,13C_soil_wheat_pot53_10wk.dpt,53,wheat,soil,wk10,12/9/24,13C_root_soybean_pot62_0wk.dpt,62,soy,root,wk0,12/9/24,'soil' sample 13C_soil_wheat_pot53_10wk.dpt might actually be root tissue,5599
12,0.9547509494680199,0.020195245,Critical - Very likely mislabeled,soil_vs_root,13C_soil_wheat_pot32_0wk.dpt,32,wheat,soil,wk0,12/9/24,13C_root_soybean_pot62_0wk.dpt,62,soy,root,wk0,12/9/24,'soil' sample 13C_soil_wheat_pot32_0wk.dpt might actually be root tissue,5599
13,0.954235575,0.016775088,Critical - Very likely mislabeled,soil_vs_root,13C_soil_rice_pot103_0wk.dpt,103,rice,soil,wk0,12/5/24,13C_root_wheat_pot80_10wk.dpt,80,soy,root,wk10,12/5/24,'soil' sample 13C_soil_rice_pot103_0wk.dpt might actually be root tissue,2799
14,0.9485243175798919,0.026697452,High - Likely mislabeled,soil_vs_root,13C_soil_soybean_pot94_10wk.dpt,94,soy,soil,wk10,12/9/24,13C_root_soybean_pot62_0wk.dpt,62,soy,root,wk0,12/9/24,'soil' sample 13C_soil_soybean_pot94_10wk.dpt might actually be root tissue,5599
15,0.9449510458696386,0.017326776158552406,High - Likely mislabeled,soil_vs_root,13C_soil_rice_pot87_10wk.dpt,87,rice,soil,wk10,12/9/24,13C_root_soybean_pot62_0wk.dpt,62,soy,root,wk0,12/9/24,'soil' sample 13C_soil_rice_pot87_10wk.dpt might actually be root tissue,5599
16,0.9446474060863236,0.012138347631747414,High - Likely mislabeled,soil_vs_root,13C_soil_soybean_pot50_0wk.dpt,50,soy,soil,wk0,12/9/24,13C_root_soybean_pot62_0wk.dpt,62,soy,root,wk0,12/9/24,'soil' sample 13C_soil_soybean_pot50_0wk.dpt might actually be root tissue,5599
17,0.9428572758269977,0.014316002,High - Likely mislabeled,soil_vs_root,13C_soil_wheat_pot1_0wk.dpt,1,wheat,soil,wk0,12/9/24,13C_root_soybean_pot62_0wk.dpt,62,soy,root,wk0,12/9/24,'soil' sample 13C_soil_wheat_pot1_0wk.dpt might actually be root tissue,5599
18,0.9419624831698492,0.018807939526863632,High - Likely mislabeled,soil_vs_root,12C_soil_noplant_pot27_0wk.dpt,27,rice,soil,wk0,12/5/24,13C_root_soybean_pot62_0wk.dpt,62,soy,root,wk0,12/9/24,'soil' sample 12C_soil_noplant_pot27_0wk.dpt might actually be root tissue,2799
19,0.9375262309185945,0.013974249,High - Likely mislabeled,soil_vs_root,13C_soil_soybean_pot12_10wk.dpt,12,soy,soil,wk10,12/9/24,13C_root_rice_pot79_0wk.dpt,79,rice,root,wk0,12/9/24,'soil' sample 13C_soil_soybean_pot12_10wk.dpt might actually be root tissue,5599
20,0.936812982,0.014791874110225093,High - Likely mislabeled,soil_vs_root,13C_soil_soybean_pot62_0wk.dpt,62,soy,soil,wk0,12/5/24,13C_root_wheat_pot80_10wk.dpt,80,soy,root,wk10,12/5/24,'soil' sample 13C_soil_soybean_pot62_0wk.dpt might actually be root tissue,2799
21,0.9361667309931743,0.013492671884705392,High - Likely mislabeled,soil_vs_root,13C_soil_rice_pot119_10wk.dpt,119,rice,soil,wk10,12/9/24,13C_root_soybean_pot62_0wk.dpt,62,soy,root,wk0,12/9/24,'soil' sample 13C_soil_rice_pot119_10wk.dpt might actually be root tissue,5599
22,0.9339242581644598,0.013248321536030802,High - Likely mislabeled,soil_vs_root,13C_soil_rice_pot79_0wk.dpt,79,rice,soil,wk0,12/9/24,13C_root_soybean_pot62_0wk.dpt,62,soy,root,wk0,12/9/24,'soil' sample 13C_soil_rice_pot79_0wk.dpt might actually be root tissue,5599
23,0.9266056883836784,0.022493193165924023,High - Likely mislabeled,soil_vs_root,13C_soil_soybean_pot50_0wk.dpt,50,soy,soil,wk0,12/5/24,13C_root_rice_pot79_0wk.dpt,79,rice,root,wk0,12/9/24,'soil' sample 13C_soil_soybean_pot50_0wk.dpt might actually be root tissue,2799
24,0.9247138834964649,0.031459326,High - Likely mislabeled,soil_vs_root,13C_soil_soybean_pot62_0wk.dpt,62,soy,soil,wk0,12/5/24,13C_root_rice_pot55_10wk.dpt,55,rice,root,wk10,12/5/24,'soil' sample 13C_soil_soybean_pot62_0wk.dpt might actually be root tissue,2799
25,0.9242969348671902,0.022207660168687676,High - Likely mislabeled,soil_vs_root,13C_soil_wheat_pot28_0wk.dpt,28,wheat,soil,wk0,12/5/24,13C_root_rice_pot79_0wk.dpt,79,rice,root,wk0,12/9/24,'soil' sample 13C_soil_wheat_pot28_0wk.dpt might actually be root tissue,2799
26,0.9229627541433506,0.017749993830386147,High - Likely mislabeled,soil_vs_root,13C_soil_wheat_pot29_10wk.dpt,29,wheat,soil,wk10,12/9/24,13C_root_rice_pot79_0wk.dpt,79,rice,root,wk0,12/9/24,'soil' sample 13C_soil_wheat_pot29_10wk.dpt might actually be root tissue,5599
27,0.9225738352686712,0.032924055,High - Likely mislabeled,soil_vs_root,13C_soil_soybean_pot62_0wk.dpt,62,soy,soil,wk0,12/9/24,13C_root_soybean_pot62_0wk.dpt,62,soy,root,wk0,12/9/24,'soil' sample 13C_soil_soybean_pot62_0wk.dpt might actually be root tissue,5599
28,0.9221311823890432,0.017314251614374984,High - Likely mislabeled,soil_vs_root,13C_soil_soybean_pot28_0wk.dpt,28,wheat,soil,wk0,12/9/24,13C_root_rice_pot79_0wk.dpt,79,rice,root,wk0,12/9/24,'soil' sample 13C_soil_soybean_pot28_0wk.dpt might actually be root tissue,5599
29,0.921997361,0.015372515861711018,High - Likely mislabeled,soil_vs_root,13C_soil_soybean_pot80_10wk.dpt,80,soy,soil,wk10,12/9/24,13C_root_rice_pot79_0wk.dpt,79,rice,root,wk0,12/9/24,'soil' sample 13C_soil_soybean_pot80_10wk.dpt might actually be root tissue,5599
30,0.91936085,0.015442120561768271,High - Likely mislabeled,soil_vs_root,13C_soil_wheat_pot53_10wk.dpt,53,wheat,soil,wk10,12/9/24,13C_root_rice_pot79_0wk.dpt,79,rice,root,wk0,12/9/24,'soil' sample 13C_soil_wheat_pot53_10wk.dpt might actually be root tissue,5599
31,0.9174135948401911,0.019480933038358506,High - Likely mislabeled,soil_vs_root,13C_soil_wheat_pot32_0wk.dpt,32,wheat,soil,wk0,12/9/24,13C_root_rice_pot79_0wk.dpt,79,rice,root,wk0,12/9/24,'soil' sample 13C_soil_wheat_pot32_0wk.dpt might actually be root tissue,5599
32,0.9173603885553127,0.016199959678009444,High - Likely mislabeled,soil_vs_root,13C_soil_rice_pot119_10wk.dpt,119,rice,soil,wk10,12/5/24,13C_root_rice_pot55_10wk.dpt,55,rice,root,wk10,12/5/24,'soil' sample 13C_soil_rice_pot119_10wk.dpt might actually be root tissue,2799
33,0.9138063136466379,0.024066192871875513,High - Likely mislabeled,soil_vs_root,13C_soil_soybean_pot94_10wk.dpt,94,soy,soil,wk10,12/9/24,13C_root_rice_pot79_0wk.dpt,79,rice,root,wk0,12/9/24,'soil' sample 13C_soil_soybean_pot94_10wk.dpt might actually be root tissue,5599
34,0.9128333476814793,0.036138902,High - Likely mislabeled,soil_vs_root,13C_soil_rice_pot103_0wk.dpt,103,rice,soil,wk0,12/5/24,13C_root_rice_pot55_10wk.dpt,55,rice,root,wk10,12/5/24,'soil' sample 13C_soil_rice_pot103_0wk.dpt might actually be root tissue,2799
35,0.9104859938305766,0.025729213,High - Likely mislabeled,soil_vs_root,13C_soil_rice_pot87_10wk.dpt,87,rice,soil,wk10,12/5/24,13C_root_rice_pot55_10wk.dpt,55,rice,root,wk10,12/5/24,'soil' sample 13C_soil_rice_pot87_10wk.dpt might actually be root tissue,2799
36,0.9090862063182549,0.016482850340014288,High - Likely mislabeled,soil_vs_root,13C_soil_wheat_pot1_0wk.dpt,1,wheat,soil,wk0,12/9/24,13C_root_rice_pot79_0wk.dpt,79,rice,root,wk0,12/9/24,'soil' sample 13C_soil_wheat_pot1_0wk.dpt might actually be root tissue,5599
37,0.9076238081550996,0.018917816,High - Likely mislabeled,soil_vs_root,12C_soil_noplant_pot27_0wk.dpt,27,rice,soil,wk0,12/5/24,13C_root_rice_pot79_0wk.dpt,79,rice,root,wk0,12/9/24,'soil' sample 12C_soil_noplant_pot27_0wk.dpt might actually be root tissue,2799
38,0.9054170560408521,0.016691416,High - Likely mislabeled,soil_vs_root,13C_soil_soybean_pot50_0wk.dpt,50,soy,soil,wk0,12/9/24,13C_root_rice_pot79_0wk.dpt,79,rice,root,wk0,12/9/24,'soil' sample 13C_soil_soybean_pot50_0wk.dpt might actually be root tissue,5599
39,0.9052187060001214,0.018124605592397824,High - Likely mislabeled,soil_vs_root,13C_soil_rice_pot87_10wk.dpt,87,rice,soil,wk10,12/9/24,13C_root_rice_pot79_0wk.dpt,79,rice,root,wk0,12/9/24,'soil' sample 13C_soil_rice_pot87_10wk.dpt might actually be root tissue,5599
40,0.8997707983471558,0.055631048036870565,Medium - Possibly mislabeled,soil_vs_root,13C_soil_noplant_pot72_0wk.dpt,72,noPlant,soil,wk0,12/9/24,13C_root_rice_pot55_10wk.dpt,55,rice,root,wk10,12/5/24,'soil' sample 13C_soil_noplant_pot72_0wk.dpt might actually be root tissue,2799
41,0.8997707983471558,0.055631048036870565,Medium - Possibly mislabeled,soil_vs_root,12C_soil_noplant_pot72_256scans.dpt,72,noPlant,soil,wk0,12/5/24,13C_root_rice_pot55_10wk.dpt,55,rice,root,wk10,12/5/24,'soil' sample 12C_soil_noplant_pot72_256scans.dpt might actually be root tissue,2799
42,0.8971905235778243,0.017242373656040425,Medium - Possibly mislabeled,soil_vs_root,13C_soil_rice_pot119_10wk.dpt,119,rice,soil,wk10,12/9/24,13C_root_rice_pot79_0wk.dpt,79,rice,root,wk0,12/9/24,'soil' sample 13C_soil_rice_pot119_10wk.dpt might actually be root tissue,5599
43,0.8966160335914197,0.017281765900760467,Medium - Possibly mislabeled,soil_vs_root,13C_soil_rice_pot79_0wk.dpt,79,rice,soil,wk0,12/9/24,13C_root_rice_pot79_0wk.dpt,79,rice,root,wk0,12/9/24,'soil' sample 13C_soil_rice_pot79_0wk.dpt might actually be root tissue,5599
44,0.8933195994943374,0.029578917919106266,Medium - Possibly mislabeled,soil_vs_root,13C_soil_soybean_pot62_0wk.dpt,62,soy,soil,wk0,12/9/24,13C_root_rice_pot79_0wk.dpt,79,rice,root,wk0,12/9/24,'soil' sample 13C_soil_soybean_pot62_0wk.dpt might actually be root tissue,5599
45,0.8861409235787476,0.038013916,Medium - Possibly mislabeled,soil_vs_root,12C_soil_noplant_pot72_256scans.dpt,72,noPlant,soil,wk0,12/5/24,13C_root_wheat_pot80_10wk.dpt,80,soy,root,wk10,12/5/24,'soil' sample 12C_soil_noplant_pot72_256scans.dpt might actually be root tissue,2799
46,0.8861409235787476,0.038013916,Medium - Possibly mislabeled,soil_vs_root,13C_soil_noplant_pot72_0wk.dpt,72,noPlant,soil,wk0,12/9/24,13C_root_wheat_pot80_10wk.dpt,80,soy,root,wk10,12/5/24,'soil' sample 13C_soil_noplant_pot72_0wk.dpt might actually be root tissue,2799
47,0.8821447976214314,0.019506910853876718,Medium - Possibly mislabeled,soil_vs_root,13C_soil_rice_pot79_0wk.dpt,79,rice,soil,wk0,12/5/24,13C_root_rice_pot55_10wk.dpt,55,rice,root,wk10,12/5/24,'soil' sample 13C_soil_rice_pot79_0wk.dpt might actually be root tissue,2799
48,0.8811568669852946,0.021263263,Medium - Possibly mislabeled,soil_vs_root,13C_soil_soybean_pot12_10wk.dpt,12,soy,soil,wk10,12/9/24,13C_root_wheat_pot53_10wk.dpt,53,wheat,root,wk10,12/9/24,'soil' sample 13C_soil_soybean_pot12_10wk.dpt might actually be root tissue,5599
49,0.8746794264640291,0.022586124,Medium - Possibly mislabeled,soil_vs_root,12C_soil_noplant_pot27_0wk.dpt,27,rice,soil,wk0,12/5/24,13C_root_wheat_pot53_10wk.dpt,53,wheat,root,wk10,12/9/24,'soil' sample 12C_soil_noplant_pot27_0wk.dpt might actually be root tissue,2799
50,0.8735513960703818,0.013985569927686719,Medium - Possibly mislabeled,soil_vs_root,13C_soil_soybean_pot94_10wk.dpt,94,soy,soil,wk10,12/5/24,13C_root_rice_pot55_10wk.dpt,55,rice,root,wk10,12/5/24,'soil' sample 13C_soil_soybean_pot94_10wk.dpt might actually be root tissue,2799
51,0.8699822016005508,0.028025337931778648,Medium - Possibly mislabeled,soil_vs_root,13C_soil_soybean_pot62_0wk.dpt,62,soy,soil,wk0,12/9/24,13C_root_wheat_pot53_10wk.dpt,53,wheat,root,wk10,12/9/24,'soil' sample 13C_soil_soybean_pot62_0wk.dpt might actually be root tissue,5599
52,0.8638549613450969,0.022345442,Medium - Possibly mislabeled,soil_vs_root,13C_soil_wheat_pot1_0wk.dpt,1,wheat,soil,wk0,12/9/24,13C_root_wheat_pot53_10wk.dpt,53,wheat,root,wk10,12/9/24,'soil' sample 13C_soil_wheat_pot1_0wk.dpt might actually be root tissue,5599
53,0.8569390569994865,0.026506191073519658,Medium - Possibly mislabeled,soil_vs_root,13C_soil_soybean_pot94_10wk.dpt,94,soy,soil,wk10,12/9/24,13C_root_wheat_pot53_10wk.dpt,53,wheat,root,wk10,12/9/24,'soil' sample 13C_soil_soybean_pot94_10wk.dpt might actually be root tissue,5599
54,0.8562949253377796,0.032831819717996105,Medium - Possibly mislabeled,soil_vs_root,12C_soil_noplant_pot27_0wk.dpt,27,rice,soil,wk0,12/5/24,13C_root_soybean_pot94_10wk.dpt,94,soy,root,wk10,12/9/24,'soil' sample 12C_soil_noplant_pot27_0wk.dpt might actually be root tissue,2799
55,0.8548879141883785,0.046778356,Medium - Possibly mislabeled,soil_vs_root,13C_soil_soybean_pot62_0wk.dpt,62,soy,soil,wk0,12/9/24,13C_root_soybean_pot94_10wk.dpt,94,soy,root,wk10,12/9/24,'soil' sample 13C_soil_soybean_pot62_0wk.dpt might actually be root tissue,5599
56,0.8524390369560494,0.017360542877960534,Medium - Possibly mislabeled,soil_vs_root,13C_soil_wheat_pot28_0wk.dpt,28,wheat,soil,wk0,12/5/24,13C_root_rice_pot55_10wk.dpt,55,rice,root,wk10,12/5/24,'soil' sample 13C_soil_wheat_pot28_0wk.dpt might actually be root tissue,2799
57,0.8517579691877518,0.023745713588057042,Medium - Possibly mislabeled,soil_vs_root,13C_soil_rice_pot79_0wk.dpt,79,rice,soil,wk0,12/9/24,13C_root_wheat_pot53_10wk.dpt,53,wheat,root,wk10,12/9/24,'soil' sample 13C_soil_rice_pot79_0wk.dpt might actually be root tissue,5599
58,0.8471055541934259,0.028676841410651542,Low - Monitor for patterns,soil_vs_root,13C_soil_soybean_pot12_10wk.dpt,12,soy,soil,wk10,12/9/24,13C_root_soybean_pot94_10wk.dpt,94,soy,root,wk10,12/9/24,No mislabeling suspected,5599
59,0.84634118,0.023889094264376805,Low - Monitor for patterns,soil_vs_root,13C_soil_soybean_pot12_10wk.dpt,12,soy,soil,wk10,12/9/24,13C_root_rice_pot103_0wk.dpt,103,rice,root,wk0,12/9/24,No mislabeling suspected,5599
60,0.8455940996806358,0.024634198858546084,Low - Monitor for patterns,soil_vs_root,13C_soil_soybean_pot50_0wk.dpt,50,soy,soil,wk0,12/9/24,13C_root_wheat_pot53_10wk.dpt,53,wheat,root,wk10,12/9/24,No mislabeling suspected,5599
61,0.8450304394366834,0.024699167050562774,Low - Monitor for patterns,soil_vs_root,13C_soil_soybean_pot28_0wk.dpt,28,wheat,soil,wk0,12/9/24,13C_root_wheat_pot53_10wk.dpt,53,wheat,root,wk10,12/9/24,No mislabeling suspected,5599
62,0.8447021058981896,0.032145151,Low - Monitor for patterns,soil_vs_root,13C_soil_soybean_pot50_0wk.dpt,50,soy,soil,wk0,12/5/24,13C_root_wheat_pot53_10wk.dpt,53,wheat,root,wk10,12/9/24,No mislabeling suspected,2799
63,0.8432139496326545,0.038095451334267685,Low - Monitor for patterns,soil_vs_root,12C_soil_noplant_pot72_256scans.dpt,72,noPlant,soil,wk0,12/5/24,13C_root_soybean_pot62_0wk.dpt,62,soy,root,wk0,12/9/24,No mislabeling suspected,2799
64,0.8432139496326545,0.038095451334267685,Low - Monitor for patterns,soil_vs_root,13C_soil_noplant_pot72_0wk.dpt,72,noPlant,soil,wk0,12/9/24,13C_root_soybean_pot62_0wk.dpt,62,soy,root,wk0,12/9/24,No mislabeling suspected,2799
65,0.8429000214945593,0.024722719435688444,Low - Monitor for patterns,soil_vs_root,13C_soil_wheat_pot53_10wk.dpt,53,wheat,soil,wk10,12/9/24,13C_root_wheat_pot53_10wk.dpt,53,wheat,root,wk10,12/9/24,No mislabeling suspected,5599
66,0.8418505808494008,0.016750369,Low - Monitor for patterns,soil_vs_root,13C_soil_soybean_pot50_0wk.dpt,50,soy,soil,wk0,12/5/24,13C_root_rice_pot55_10wk.dpt,55,rice,root,wk10,12/5/24,No mislabeling suspected,2799
67,0.8408257684709374,0.030968600434338914,Low - Monitor for patterns,soil_vs_root,13C_soil_wheat_pot53_10wk.dpt,53,wheat,soil,wk10,12/9/24,13C_root_rice_pot55_10wk.dpt,55,rice,root,wk10,12/5/24,No mislabeling suspected,2799
68,0.8396272793685029,0.032157812237841345,Low - Monitor for patterns,soil_vs_root,13C_soil_soybean_pot80_10wk.dpt,80,soy,soil,wk10,12/9/24,13C_root_rice_pot55_10wk.dpt,55,rice,root,wk10,12/5/24,No mislabeling suspected,2799
69,0.8383460202237187,0.02742384,Low - Monitor for patterns,soil_vs_root,13C_soil_wheat_pot1_0wk.dpt,1,wheat,soil,wk0,12/9/24,13C_root_soybean_pot94_10wk.dpt,94,soy,root,wk10,12/9/24,No mislabeling suspected,5599
70,0.8370450630737899,0.028091689,Low - Monitor for patterns,soil_vs_root,13C_soil_wheat_pot29_10wk.dpt,29,wheat,soil,wk10,12/9/24,13C_root_wheat_pot53_10wk.dpt,53,wheat,root,wk10,12/9/24,No mislabeling suspected,5599
71,0.8363397381230622,0.024590804748778238,Low - Monitor for patterns,soil_vs_root,13C_soil_rice_pot87_10wk.dpt,87,rice,soil,wk10,12/9/24,13C_root_wheat_pot53_10wk.dpt,53,wheat,root,wk10,12/9/24,No mislabeling suspected,5599
72,0.835485352,0.024676468705413353,Low - Monitor for patterns,soil_vs_root,13C_soil_rice_pot119_10wk.dpt,119,rice,soil,wk10,12/9/24,13C_root_wheat_pot53_10wk.dpt,53,wheat,root,wk10,12/9/24,No mislabeling suspected,5599
73,0.8347579826875996,0.025474953,Low - Monitor for patterns,soil_vs_root,13C_soil_soybean_pot80_10wk.dpt,80,soy,soil,wk10,12/9/24,13C_root_wheat_pot53_10wk.dpt,53,wheat,root,wk10,12/9/24,No mislabeling suspected,5599
74,0.8341091689509784,0.023874784,Low - Monitor for patterns,soil_vs_root,13C_soil_wheat_pot29_10wk.dpt,29,wheat,soil,wk10,12/9/24,13C_root_rice_pot55_10wk.dpt,55,rice,root,wk10,12/5/24,No mislabeling suspected,2799
75,0.8328750658505835,0.018442242500075274,Low - Monitor for patterns,soil_vs_root,13C_soil_wheat_pot28_0wk.dpt,28,wheat,soil,wk0,12/5/24,13C_root_wheat_pot80_10wk.dpt,80,soy,root,wk10,12/5/24,No mislabeling suspected,2799
76,0.832408599,0.032343364902763246,Low - Monitor for patterns,soil_vs_root,13C_soil_wheat_pot28_0wk.dpt,28,wheat,soil,wk0,12/5/24,13C_root_wheat_pot53_10wk.dpt,53,wheat,root,wk10,12/9/24,No mislabeling suspected,2799
77,0.8323372206420997,0.028601926,Low - Monitor for patterns,soil_vs_root,12C_soil_noplant_pot27_0wk.dpt,27,rice,soil,wk0,12/5/24,13C_root_rice_pot103_0wk.dpt,103,rice,root,wk0,12/9/24,No mislabeling suspected,2799
78,0.8314228958623702,0.026769289180031353,Low - Monitor for patterns,soil_vs_root,13C_soil_wheat_pot32_0wk.dpt,32,wheat,soil,wk0,12/9/24,13C_root_wheat_pot53_10wk.dpt,53,wheat,root,wk10,12/9/24,No mislabeling suspected,5599
79,0.8306183955473246,0.050165366,Low - Monitor for patterns,soil_vs_root,13C_soil_soybean_pot94_10wk.dpt,94,soy,soil,wk10,12/9/24,13C_root_rice_pot55_10wk.dpt,55,rice,root,wk10,12/5/24,No mislabeling suspected,2799
80,0.8289408925216266,0.039294296995676395,Low - Monitor for patterns,soil_vs_root,13C_soil_rice_pot87_10wk.dpt,87,rice,soil,wk10,12/9/24,13C_root_rice_pot55_10wk.dpt,55,rice,root,wk10,12/5/24,No mislabeling suspected,2799
81,0.8274411319546363,0.032690255510764314,Low - Monitor for patterns,soil_vs_root,13C_soil_rice_pot119_10wk.dpt,119,rice,soil,wk10,12/9/24,13C_root_rice_pot55_10wk.dpt,55,rice,root,wk10,12/5/24,No mislabeling suspected,2799
82,0.8274195452534718,0.04330096,Low - Monitor for patterns,soil_vs_root,13C_soil_wheat_pot32_0wk.dpt,32,wheat,soil,wk0,12/9/24,13C_root_rice_pot55_10wk.dpt,55,rice,root,wk10,12/5/24,No mislabeling suspected,2799
83,0.827184827,0.024715389089947106,Low - Monitor for patterns,soil_vs_root,13C_soil_rice_pot79_0wk.dpt,79,rice,soil,wk0,12/9/24,13C_root_soybean_pot94_10wk.dpt,94,soy,root,wk10,12/9/24,No mislabeling suspected,5599
84,0.8264616605020079,0.041305836492057955,Low - Monitor for patterns,soil_vs_root,13C_soil_soybean_pot62_0wk.dpt,62,soy,soil,wk0,12/9/24,13C_root_rice_pot103_0wk.dpt,103,rice,root,wk0,12/9/24,No mislabeling suspected,5599
85,0.8263260346906118,0.042596717,Low - Monitor for patterns,soil_vs_root,13C_soil_soybean_pot94_10wk.dpt,94,soy,soil,wk10,12/9/24,13C_root_soybean_pot94_10wk.dpt,94,soy,root,wk10,12/9/24,No mislabeling suspected,5599
86,0.8239301581973388,0.023287533147741558,Low - Monitor for patterns,soil_vs_root,13C_soil_wheat_pot1_0wk.dpt,1,wheat,soil,wk0,12/9/24,13C_root_rice_pot103_0wk.dpt,103,rice,root,wk0,12/9/24,No mislabeling suspected,5599
87,0.8235834824006467,0.035004482,Low - Monitor for patterns,soil_vs_root,13C_soil_wheat_pot1_0wk.dpt,1,wheat,soil,wk0,12/9/24,13C_root_rice_pot55_10wk.dpt,55,rice,root,wk10,12/5/24,No mislabeling suspected,2799
88,0.8232630287158194,0.031552552,Low - Monitor for patterns,soil_vs_root,13C_soil_soybean_pot50_0wk.dpt,50,soy,soil,wk0,12/9/24,13C_root_rice_pot55_10wk.dpt,55,rice,root,wk10,12/5/24,No mislabeling suspected,2799
89,0.8230665135000269,0.040563542,Low - Monitor for patterns,soil_vs_root,13C_soil_soybean_pot28_0wk.dpt,28,wheat,soil,wk0,12/9/24,13C_root_rice_pot55_10wk.dpt,55,rice,root,wk10,12/5/24,No mislabeling suspected,2799
90,0.8218854764794222,0.021806934228756368,Low - Monitor for patterns,soil_vs_root,13C_soil_soybean_pot62_0wk.dpt,62,soy,soil,wk0,12/5/24,13C_root_soybean_pot62_0wk.dpt,62,soy,root,wk0,12/9/24,No mislabeling suspected,2799
91,0.8199291320752808,0.036336903,Low - Monitor for patterns,soil_vs_root,13C_soil_soybean_pot12_10wk.dpt,12,soy,soil,wk10,12/9/24,13C_root_rice_pot55_10wk.dpt,55,rice,root,wk10,12/5/24,No mislabeling suspected,2799
92,0.817474055,0.037155646604315036,Low - Monitor for patterns,soil_vs_root,13C_soil_soybean_pot94_10wk.dpt,94,soy,soil,wk10,12/9/24,13C_root_rice_pot103_0wk.dpt,103,rice,root,wk0,12/9/24,No mislabeling suspected,5599
93,0.8173012337134732,0.018860067573436688,Low - Monitor for patterns,soil_vs_root,13C_soil_wheat_pot29_10wk.dpt,29,wheat,soil,wk10,12/9/24,13C_root_wheat_pot80_10wk.dpt,80,soy,root,wk10,12/5/24,No mislabeling suspected,2799
94,0.8154717061559957,0.025152777,Low - Monitor for patterns,soil_vs_root,13C_soil_soybean_pot50_0wk.dpt,50,soy,soil,wk0,12/9/24,13C_root_soybean_pot94_10wk.dpt,94,soy,root,wk10,12/9/24,No mislabeling suspected,5599
95,0.8151121872346729,0.022278573909664288,Low - Monitor for patterns,soil_vs_root,13C_soil_soybean_pot80_10wk.dpt,80,soy,soil,wk10,12/9/24,13C_root_wheat_pot80_10wk.dpt,80,soy,root,wk10,12/5/24,No mislabeling suspected,2799
96,0.8150338513915957,0.016332087,Low - Monitor for patterns,soil_vs_root,13C_soil_soybean_pot50_0wk.dpt,50,soy,soil,wk0,12/5/24,13C_root_rice_pot103_0wk.dpt,103,rice,root,wk0,12/9/24,No mislabeling suspected,2799
97,0.8122105672603406,0.025017535842024943,Low - Monitor for patterns,soil_vs_root,13C_soil_rice_pot103_0wk.dpt,103,rice,soil,wk0,12/5/24,13C_root_soybean_pot62_0wk.dpt,62,soy,root,wk0,12/9/24,No mislabeling suspected,2799
98,0.8111416623060935,0.029160483329290974,Low - Monitor for patterns,soil_vs_root,13C_soil_soybean_pot28_0wk.dpt,28,wheat,soil,wk0,12/9/24,13C_root_rice_pot103_0wk.dpt,103,rice,root,wk0,12/9/24,No mislabeling suspected,5599
99,0.8111027369058443,0.031987880991033696,Low - Monitor for patterns,soil_vs_root,13C_soil_rice_pot79_0wk.dpt,79,rice,soil,wk0,12/9/24,13C_root_rice_pot55_10wk.dpt,55,rice,root,wk10,12/5/24,No mislabeling suspected,2799
100,0.8105872014611701,0.021370037850999942,Low - Monitor for patterns,soil_vs_root,13C_soil_rice_pot79_0wk.dpt,79,rice,soil,wk0,12/9/24,13C_root_rice_pot103_0wk.dpt,103,rice,root,wk0,12/9/24,No mislabeling suspected,5599
101,0.8092671403778382,0.021451238999991497,Low - Monitor for patterns,soil_vs_root,13C_soil_wheat_pot53_10wk.dpt,53,wheat,soil,wk10,12/9/24,13C_root_rice_pot103_0wk.dpt,103,rice,root,wk0,12/9/24,No mislabeling suspected,5599
102,0.8092107956793134,0.044024088,Low - Monitor for patterns,soil_vs_root,13C_soil_soybean_pot62_0wk.dpt,62,soy,soil,wk0,12/9/24,13C_root_wheat_pot32_0wk.dpt,32,wheat,root,wk0,12/9/24,No mislabeling suspected,5599
103,0.8088881603432901,0.017848047317629196,Low - Monitor for patterns,soil_vs_root,13C_soil_wheat_pot29_10wk.dpt,29,wheat,soil,wk10,12/9/24,13C_root_rice_pot103_0wk.dpt,103,rice,root,wk0,12/9/24,No mislabeling suspected,5599
104,0.8066614606257122,0.017145148369484792,Low - Monitor for patterns,soil_vs_root,13C_soil_wheat_pot28_0wk.dpt,28,wheat,soil,wk0,12/5/24,13C_root_rice_pot103_0wk.dpt,103,rice,root,wk0,12/9/24,No mislabeling suspected,2799
105,0.8049828744007391,0.031175570728595524,Low - Monitor for patterns,soil_vs_root,12C_soil_noplant_pot27_0wk.dpt,27,rice,soil,wk0,12/5/24,13C_root_wheat_pot32_0wk.dpt,32,wheat,root,wk0,12/9/24,No mislabeling suspected,2799
106,0.8049574586166816,0.022036993,Low - Monitor for patterns,soil_vs_root,13C_soil_soybean_pot50_0wk.dpt,50,soy,soil,wk0,12/9/24,13C_root_rice_pot103_0wk.dpt,103,rice,root,wk0,12/9/24,No mislabeling suspected,5599
107,0.8043419774111176,0.023002621557888847,Low - Monitor for patterns,soil_vs_root,13C_soil_soybean_pot80_10wk.dpt,80,soy,soil,wk10,12/9/24,13C_root_rice_pot103_0wk.dpt,103,rice,root,wk0,12/9/24,No mislabeling suspected,5599
108,0.803775746,0.026296875653192827,Low - Monitor for patterns,soil_vs_root,13C_soil_rice_pot119_10wk.dpt,119,rice,soil,wk10,12/9/24,13C_root_soybean_pot94_10wk.dpt,94,soy,root,wk10,12/9/24,No mislabeling suspected,5599
109,0.8027766552425447,0.021997138630544748,Low - Monitor for patterns,soil_vs_root,13C_soil_rice_pot119_10wk.dpt,119,rice,soil,wk10,12/5/24,13C_root_soybean_pot62_0wk.dpt,62,soy,root,wk0,12/9/24,No mislabeling suspected,2799
110,0.8025195060018846,0.034049705,Low - Monitor for patterns,soil_vs_root,13C_soil_soybean_pot28_0wk.dpt,28,wheat,soil,wk0,12/9/24,13C_root_soybean_pot94_10wk.dpt,94,soy,root,wk10,12/9/24,No mislabeling suspected,5599
111,0.8020165597227583,0.025127816556290497,Low - Monitor for patterns,soil_vs_root,13C_soil_wheat_pot53_10wk.dpt,53,wheat,soil,wk10,12/9/24,13C_root_soybean_pot94_10wk.dpt,94,soy,root,wk10,12/9/24,No mislabeling suspected,5599
112,0.8019049290046029,0.014597567285958839,Low - Monitor for patterns,soil_vs_root,13C_soil_soybean_pot50_0wk.dpt,50,soy,soil,wk0,12/5/24,13C_root_soybean_pot94_10wk.dpt,94,soy,root,wk10,12/9/24,No mislabeling suspected,2799
113,0.8012608178752084,0.030689604,Low - Monitor for patterns,soil_vs_root,13C_soil_wheat_pot32_0wk.dpt,32,wheat,soil,wk0,12/9/24,13C_root_wheat_pot80_10wk.dpt,80,soy,root,wk10,12/5/24,No mislabeling suspected,2799
114,0.8007172320154411,0.019747841785832828,Low - Monitor for patterns,soil_vs_root,13C_soil_soybean_pot50_0wk.dpt,50,soy,soil,wk0,12/5/24,13C_root_wheat_pot80_10wk.dpt,80,soy,root,wk10,12/5/24,No mislabeling suspected,2799
115,0.8004118689680939,0.032674296295401896,Low - Monitor for patterns,soil_vs_root,13C_soil_rice_pot87_10wk.dpt,87,rice,soil,wk10,12/9/24,13C_root_soybean_pot94_10wk.dpt,94,soy,root,wk10,12/9/24,No mislabeling suspected,5599
116,0.8002129629002477,0.021689367,Low - Monitor for patterns,soil_vs_root,13C_soil_rice_pot87_10wk.dpt,87,rice,soil,wk10,12/5/24,13C_root_soybean_pot62_0wk.dpt,62,soy,root,wk0,12/9/24,No mislabeling suspected,2799
117,0.7989450343426249,0.032297754,Low - Monitor for patterns,soil_vs_root,13C_soil_wheat_pot32_0wk.dpt,32,wheat,soil,wk0,12/9/24,13C_root_rice_pot103_0wk.dpt,103,rice,root,wk0,12/9/24,No mislabeling suspected,5599
118,0.7982324931157658,0.028127372840866145,Low - Monitor for patterns,soil_vs_root,13C_soil_rice_pot87_10wk.dpt,87,rice,soil,wk10,12/9/24,13C_root_rice_pot103_0wk.dpt,103,rice,root,wk0,12/9/24,No mislabeling suspected,5599
119,0.7967540985778707,0.022446873283856434,Low - Monitor for patterns,soil_vs_root,13C_soil_wheat_pot53_10wk.dpt,53,wheat,soil,wk10,12/9/24,13C_root_wheat_pot80_10wk.dpt,80,soy,root,wk10,12/5/24,No mislabeling suspected,2799
120,0.7957738954194864,0.05571075,Low - Monitor for patterns,soil_vs_root,13C_soil_soybean_pot62_0wk.dpt,62,soy,soil,wk0,12/9/24,13C_root_rice_pot55_10wk.dpt,55,rice,root,wk10,12/5/24,No mislabeling suspected,2799
121,0.795670624,0.022813126083861546,Low - Monitor for patterns,soil_vs_root,13C_soil_rice_pot119_10wk.dpt,119,rice,soil,wk10,12/9/24,13C_root_rice_pot103_0wk.dpt,103,rice,root,wk0,12/9/24,No mislabeling suspected,5599
122,0.7955624707663789,0.036905408,Low - Monitor for patterns,soil_vs_root,12C_soil_noplant_pot72_256scans.dpt,72,noPlant,soil,wk0,12/5/24,13C_root_rice_pot79_0wk.dpt,79,rice,root,wk0,12/9/24,No mislabeling suspected,2799
123,0.7955624707663789,0.036905408,Low - Monitor for patterns,soil_vs_root,13C_soil_noplant_pot72_0wk.dpt,72,noPlant,soil,wk0,12/9/24,13C_root_rice_pot79_0wk.dpt,79,rice,root,wk0,12/9/24,No mislabeling suspected,2799
124,0.7909727449839812,0.027424528,Low - Monitor for patterns,soil_vs_root,13C_soil_soybean_pot12_10wk.dpt,12,soy,soil,wk10,12/9/24,13C_root_wheat_pot32_0wk.dpt,32,wheat,root,wk0,12/9/24,No mislabeling suspected,5599
125,0.790731987,0.019609239740322096,Low - Monitor for patterns,soil_vs_root,13C_soil_wheat_pot29_10wk.dpt,29,wheat,soil,wk10,12/9/24,13C_root_soybean_pot94_10wk.dpt,94,soy,root,wk10,12/9/24,No mislabeling suspected,5599
126,0.7882307345264379,0.026865533514786436,Low - Monitor for patterns,soil_vs_root,13C_soil_soybean_pot80_10wk.dpt,80,soy,soil,wk10,12/9/24,13C_root_soybean_pot94_10wk.dpt,94,soy,root,wk10,12/9/24,No mislabeling suspected,5599
127,0.7855381947808537,0.037291733,Low - Monitor for patterns,soil_vs_root,13C_soil_wheat_pot32_0wk.dpt,32,wheat,soil,wk0,12/9/24,13C_root_soybean_pot94_10wk.dpt,94,soy,root,wk10,12/9/24,No mislabeling suspected,5599
128,0.7851945996245184,0.023184934017939755,Low - Monitor for patterns,soil_vs_root,13C_soil_rice_pot79_0wk.dpt,79,rice,soil,wk0,12/5/24,13C_root_soybean_pot62_0wk.dpt,62,soy,root,wk0,12/9/24,No mislabeling suspected,2799
129,0.7848987295503096,0.015949291,Low - Monitor for patterns,soil_vs_root,13C_soil_wheat_pot28_0wk.dpt,28,wheat,soil,wk0,12/5/24,13C_root_soybean_pot94_10wk.dpt,94,soy,root,wk10,12/9/24,No mislabeling suspected,2799
130,0.7848403360071726,0.026103866,Low - Monitor for patterns,soil_vs_root,13C_soil_wheat_pot1_0wk.dpt,1,wheat,soil,wk0,12/9/24,13C_root_wheat_pot32_0wk.dpt,32,wheat,root,wk0,12/9/24,No mislabeling suspected,5599
131,0.7844340249703984,0.041170429943284514,Low - Monitor for patterns,soil_vs_root,12C_soil_noplant_pot27_0wk.dpt,27,rice,soil,wk0,12/5/24,13C_root_rice_pot55_10wk.dpt,55,rice,root,wk10,12/5/24,No mislabeling suspected,2799
132,0.7820914423067964,0.029358992512889787,Low - Monitor for patterns,soil_vs_root,13C_soil_soybean_pot28_0wk.dpt,28,wheat,soil,wk0,12/9/24,13C_root_wheat_pot80_10wk.dpt,80,soy,root,wk10,12/5/24,No mislabeling suspected,2799
133,0.7778392919568318,0.025770345,Low - Monitor for patterns,soil_vs_root,13C_soil_soybean_pot62_0wk.dpt,62,soy,soil,wk0,12/5/24,13C_root_rice_pot79_0wk.dpt,79,rice,root,wk0,12/9/24,No mislabeling suspected,2799
134,0.7734453698706079,0.023821072922171706,Low - Monitor for patterns,soil_vs_root,13C_soil_rice_pot79_0wk.dpt,79,rice,soil,wk0,12/9/24,13C_root_wheat_pot32_0wk.dpt,32,wheat,root,wk0,12/9/24,No mislabeling suspected,5599
135,0.7696621404774868,0.040593594,Low - Monitor for patterns,soil_vs_root,13C_soil_soybean_pot94_10wk.dpt,94,soy,soil,wk10,12/9/24,13C_root_wheat_pot32_0wk.dpt,32,wheat,root,wk0,12/9/24,No mislabeling suspected,5599
136,0.7690422478173873,0.028921682,Low - Monitor for patterns,soil_vs_root,13C_soil_rice_pot87_10wk.dpt,87,rice,soil,wk10,12/9/24,13C_root_wheat_pot80_10wk.dpt,80,soy,root,wk10,12/5/24,No mislabeling suspected,2799
137,0.7648876103955273,0.027982196,Low - Monitor for patterns,soil_vs_root,13C_soil_rice_pot103_0wk.dpt,103,rice,soil,wk0,12/5/24,13C_root_rice_pot79_0wk.dpt,79,rice,root,wk0,12/9/24,No mislabeling suspected,2799
138,0.759124003,0.010018146974879604,Low - Monitor for patterns,soil_vs_root,13C_soil_rice_pot55_10wk.dpt,55,rice,soil,wk10,12/5/24,13C_root_rice_pot55_10wk.dpt,55,rice,root,wk10,12/5/24,No mislabeling suspected,2799
139,0.7569718746632503,0.024712755951441047,Low - Monitor for patterns,soil_vs_root,13C_soil_soybean_pot50_0wk.dpt,50,soy,soil,wk0,12/9/24,13C_root_wheat_pot32_0wk.dpt,32,wheat,root,wk0,12/9/24,No mislabeling suspected,5599
140,0.7552131991167227,0.029690363493687328,Low - Monitor for patterns,soil_vs_root,13C_soil_rice_pot119_10wk.dpt,119,rice,soil,wk10,12/5/24,13C_root_rice_pot79_0wk.dpt,79,rice,root,wk0,12/9/24,No mislabeling suspected,2799
141,0.7527043632958919,0.025304241335125353,Low - Monitor for patterns,soil_vs_root,13C_soil_rice_pot119_10wk.dpt,119,rice,soil,wk10,12/9/24,13C_root_wheat_pot80_10wk.dpt,80,soy,root,wk10,12/5/24,No mislabeling suspected,2799
142,0.7507232891314793,0.029922968947488627,Low - Monitor for patterns,soil_vs_root,13C_soil_rice_pot79_0wk.dpt,79,rice,soil,wk0,12/5/24,13C_root_rice_pot79_0wk.dpt,79,rice,root,wk0,12/9/24,No mislabeling suspected,2799
143,0.7502928601947672,0.027665157781785812,Low - Monitor for patterns,soil_vs_root,13C_soil_rice_pot87_10wk.dpt,87,rice,soil,wk10,12/5/24,13C_root_rice_pot79_0wk.dpt,79,rice,root,wk0,12/9/24,No mislabeling suspected,2799
144,0.749218841,0.038431093,Low - Monitor for patterns,soil_vs_root,13C_soil_soybean_pot94_10wk.dpt,94,soy,soil,wk10,12/9/24,13C_root_wheat_pot80_10wk.dpt,80,soy,root,wk10,12/5/24,No mislabeling suspected,2799
145,0.7459902112041019,0.025098423,Low - Monitor for patterns,soil_vs_root,13C_soil_soybean_pot50_0wk.dpt,50,soy,soil,wk0,12/9/24,13C_root_wheat_pot80_10wk.dpt,80,soy,root,wk10,12/5/24,No mislabeling suspected,2799
146,0.7452666018840235,0.025641271486203328,Low - Monitor for patterns,soil_vs_root,13C_soil_rice_pot119_10wk.dpt,119,rice,soil,wk10,12/9/24,13C_root_wheat_pot32_0wk.dpt,32,wheat,root,wk0,12/9/24,No mislabeling suspected,5599
147,0.7434734603213089,0.028040658349087172,Low - Monitor for patterns,soil_vs_root,13C_soil_soybean_pot12_10wk.dpt,12,soy,soil,wk10,12/9/24,13C_root_wheat_pot80_10wk.dpt,80,soy,root,wk10,12/5/24,No mislabeling suspected,2799
148,0.7398367070855898,0.017617236,Low - Monitor for patterns,soil_vs_root,13C_soil_soybean_pot50_0wk.dpt,50,soy,soil,wk0,12/5/24,13C_root_wheat_pot32_0wk.dpt,32,wheat,root,wk0,12/9/24,No mislabeling suspected,2799
149,0.7393100466520215,0.033048150481938245,Low - Monitor for patterns,soil_vs_root,13C_soil_soybean_pot28_0wk.dpt,28,wheat,soil,wk0,12/9/24,13C_root_wheat_pot32_0wk.dpt,32,wheat,root,wk0,12/9/24,No mislabeling suspected,5599
150,0.7391587886925527,0.0248971,Low - Monitor for patterns,soil_vs_root,13C_soil_wheat_pot53_10wk.dpt,53,wheat,soil,wk10,12/9/24,13C_root_wheat_pot32_0wk.dpt,32,wheat,root,wk0,12/9/24,No mislabeling suspected,5599
151,0.7385455796505793,0.031568912885318844,Low - Monitor for patterns,soil_vs_root,13C_soil_rice_pot87_10wk.dpt,87,rice,soil,wk10,12/9/24,13C_root_wheat_pot32_0wk.dpt,32,wheat,root,wk0,12/9/24,No mislabeling suspected,5599
152,0.726846773,0.039184655257454896,Low - Monitor for patterns,soil_vs_root,12C_soil_noplant_pot72_256scans.dpt,72,noPlant,soil,wk0,12/5/24,13C_root_wheat_pot53_10wk.dpt,53,wheat,root,wk10,12/9/24,No mislabeling suspected,2799
153,0.726846773,0.039184655257454896,Low - Monitor for patterns,soil_vs_root,13C_soil_noplant_pot72_0wk.dpt,72,noPlant,soil,wk0,12/9/24,13C_root_wheat_pot53_10wk.dpt,53,wheat,root,wk10,12/9/24,No mislabeling suspected,2799
154,0.725264348,0.020889681,Low - Monitor for patterns,soil_vs_root,13C_soil_wheat_pot29_10wk.dpt,29,wheat,soil,wk10,12/9/24,13C_root_wheat_pot32_0wk.dpt,32,wheat,root,wk0,12/9/24,No mislabeling suspected,5599
155,0.7240354053215988,0.026755947993767418,Low - Monitor for patterns,soil_vs_root,13C_soil_soybean_pot80_10wk.dpt,80,soy,soil,wk10,12/9/24,13C_root_wheat_pot32_0wk.dpt,32,wheat,root,wk0,12/9/24,No mislabeling suspected,5599
156,0.7238397401011349,0.02788761,Low - Monitor for patterns,soil_vs_root,13C_soil_wheat_pot1_0wk.dpt,1,wheat,soil,wk0,12/9/24,13C_root_wheat_pot80_10wk.dpt,80,soy,root,wk10,12/5/24,No mislabeling suspected,2799
157,0.7215366127317326,0.018850610415590566,Low - Monitor for patterns,soil_vs_root,13C_soil_wheat_pot28_0wk.dpt,28,wheat,soil,wk0,12/5/24,13C_root_wheat_pot32_0wk.dpt,32,wheat,root,wk0,12/9/24,No mislabeling suspected,2799
158,0.7200198504300065,0.036350203,Low - Monitor for patterns,soil_vs_root,13C_soil_wheat_pot32_0wk.dpt,32,wheat,soil,wk0,12/9/24,13C_root_wheat_pot32_0wk.dpt,32,wheat,root,wk0,12/9/24,No mislabeling suspected,5599
159,0.7141506808318471,0.025425478232216324,Low - Monitor for patterns,soil_vs_root,13C_soil_soybean_pot94_10wk.dpt,94,soy,soil,wk10,12/5/24,13C_root_soybean_pot62_0wk.dpt,62,soy,root,wk0,12/5/24,No mislabeling suspected,2799
160,0.7113518528211547,0.026518162054650372,Low - Monitor for patterns,soil_vs_root,13C_soil_rice_pot79_0wk.dpt,79,rice,soil,wk0,12/9/24,13C_root_wheat_pot80_10wk.dpt,80,soy,root,wk10,12/5/24,No mislabeling suspected,2799
161,0.7098542037296907,0.024727990638292927,Low - Monitor for patterns,soil_vs_root,13C_soil_soybean_pot94_10wk.dpt,94,soy,soil,wk10,12/5/24,13C_root_soybean_pot94_10wk.dpt,94,soy,root,wk10,12/5/24,No mislabeling suspected,2799
162,0.7042070090271636,0.051385735,Low - Monitor for patterns,soil_vs_root,12C_soil_noplant_pot72_256scans.dpt,72,noPlant,soil,wk0,12/5/24,13C_root_soybean_pot94_10wk.dpt,94,soy,root,wk10,12/9/24,No mislabeling suspected,2799
163,0.7042070090271636,0.051385735,Low - Monitor for patterns,soil_vs_root,13C_soil_noplant_pot72_0wk.dpt,72,noPlant,soil,wk0,12/9/24,13C_root_soybean_pot94_10wk.dpt,94,soy,root,wk10,12/9/24,No mislabeling suspected,2799
164,0.701046107,0.028571340606229102,Low - Monitor for patterns,soil_vs_root,13C_soil_soybean_pot94_10wk.dpt,94,soy,soil,wk10,12/5/24,13C_root_soybean_pot62_0wk.dpt,62,soy,root,wk0,12/9/24,No mislabeling suspected,2799
165,0.696140531,0.033270951,Normal - Expected difference,soil_vs_root,13C_soil_soybean_pot62_0wk.dpt,62,soy,soil,wk0,12/5/24,13C_root_wheat_pot53_10wk.dpt,53,wheat,root,wk10,12/9/24,No mislabeling suspected,2799
166,0.6955118883164616,0.030985074,Normal - Expected difference,soil_vs_root,13C_soil_rice_pot55_10wk.dpt,55,rice,soil,wk10,12/5/24,13C_root_wheat_pot80_10wk.dpt,80,soy,root,wk10,12/5/24,No mislabeling suspected,2799
167,0.6846271424796647,0.047117587219277286,Normal - Expected difference,soil_vs_root,12C_soil_noplant_pot72_256scans.dpt,72,noPlant,soil,wk0,12/5/24,13C_root_rice_pot103_0wk.dpt,103,rice,root,wk0,12/9/24,No mislabeling suspected,2799
168,0.6846271424796647,0.047117587219277286,Normal - Expected difference,soil_vs_root,13C_soil_noplant_pot72_0wk.dpt,72,noPlant,soil,wk0,12/9/24,13C_root_rice_pot103_0wk.dpt,103,rice,root,wk0,12/9/24,No mislabeling suspected,2799
169,0.6673152336814523,0.030547822,Normal - Expected difference,soil_vs_root,13C_soil_soybean_pot62_0wk.dpt,62,soy,soil,wk0,12/5/24,13C_root_soybean_pot94_10wk.dpt,94,soy,root,wk10,12/9/24,No mislabeling suspected,2799
170,0.6669950552473022,0.035603773145062294,Normal - Expected difference,soil_vs_root,13C_soil_rice_pot103_0wk.dpt,103,rice,soil,wk0,12/5/24,13C_root_wheat_pot53_10wk.dpt,53,wheat,root,wk10,12/9/24,No mislabeling suspected,2799
171,0.6626975323814165,0.034797455,Normal - Expected difference,soil_vs_root,12C_soil_noplant_pot27_0wk.dpt,27,rice,soil,wk0,12/5/24,13C_root_wheat_pot80_10wk.dpt,80,soy,root,wk10,12/5/24,No mislabeling suspected,2799
172,0.6604732780277275,0.028804892526726106,Normal - Expected difference,soil_vs_root,13C_soil_soybean_pot62_0wk.dpt,62,soy,soil,wk0,12/5/24,13C_root_rice_pot103_0wk.dpt,103,rice,root,wk0,12/9/24,No mislabeling suspected,2799
173,0.6593502666522081,0.046144583842983755,Normal - Expected difference,soil_vs_root,13C_soil_soybean_pot62_0wk.dpt,62,soy,soil,wk0,12/9/24,13C_root_wheat_pot80_10wk.dpt,80,soy,root,wk10,12/5/24,No mislabeling suspected,2799
174,0.6546314660885775,0.036314369,Normal - Expected difference,soil_vs_root,13C_soil_soybean_pot94_10wk.dpt,94,soy,soil,wk10,12/5/24,13C_root_rice_pot79_0wk.dpt,79,rice,root,wk0,12/9/24,No mislabeling suspected,2799
175,0.6482040124755617,0.039189429,Normal - Expected difference,soil_vs_root,13C_soil_rice_pot119_10wk.dpt,119,rice,soil,wk10,12/5/24,13C_root_wheat_pot53_10wk.dpt,53,wheat,root,wk10,12/9/24,No mislabeling suspected,2799
176,0.6474555628249443,0.036782318219752676,Normal - Expected difference,soil_vs_root,13C_soil_rice_pot87_10wk.dpt,87,rice,soil,wk10,12/5/24,13C_root_wheat_pot53_10wk.dpt,53,wheat,root,wk10,12/9/24,No mislabeling suspected,2799
177,0.6441328057037626,0.049846786,Normal - Expected difference,soil_vs_root,12C_soil_noplant_pot72_256scans.dpt,72,noPlant,soil,wk0,12/5/24,13C_root_wheat_pot32_0wk.dpt,32,wheat,root,wk0,12/9/24,No mislabeling suspected,2799
178,0.6441328057037626,0.049846786,Normal - Expected difference,soil_vs_root,13C_soil_noplant_pot72_0wk.dpt,72,noPlant,soil,wk0,12/9/24,13C_root_wheat_pot32_0wk.dpt,32,wheat,root,wk0,12/9/24,No mislabeling suspected,2799
179,0.6411233624173431,0.026538748,Normal - Expected difference,soil_vs_root,13C_soil_soybean_pot94_10wk.dpt,94,soy,soil,wk10,12/5/24,13C_soil_wheat_pot80_10wk.dpt,80,soy,root,wk10,12/5/24,No mislabeling suspected,2799
180,0.6367991569436348,0.030989952261874867,Normal - Expected difference,soil_vs_root,13C_soil_rice_pot119_10wk.dpt,119,rice,soil,wk10,12/5/24,13C_root_soybean_pot94_10wk.dpt,94,soy,root,wk10,12/5/24,No mislabeling suspected,2799
181,0.6363128878539706,0.033060399,Normal - Expected difference,soil_vs_root,13C_soil_rice_pot79_0wk.dpt,79,rice,soil,wk0,12/5/24,13C_root_soybean_pot94_10wk.dpt,94,soy,root,wk10,12/5/24,No mislabeling suspected,2799
182,0.6329762872271686,0.03320959,Normal - Expected difference,soil_vs_root,13C_soil_rice_pot103_0wk.dpt,103,rice,soil,wk0,12/5/24,13C_root_rice_pot103_0wk.dpt,103,rice,root,wk0,12/9/24,No mislabeling suspected,2799
183,0.6329306185813856,0.033247116,Normal - Expected difference,soil_vs_root,13C_soil_rice_pot55_10wk.dpt,55,rice,soil,wk10,12/5/24,13C_root_soybean_pot62_0wk.dpt,62,soy,root,wk0,12/9/24,No mislabeling suspected,2799
184,0.6308317083535662,0.035517448,Normal - Expected difference,soil_vs_root,13C_soil_rice_pot103_0wk.dpt,103,rice,soil,wk0,12/5/24,13C_root_soybean_pot94_10wk.dpt,94,soy,root,wk10,12/9/24,No mislabeling suspected,2799
185,0.6251342341583279,0.033954243,Normal - Expected difference,soil_vs_root,13C_soil_rice_pot79_0wk.dpt,79,rice,soil,wk0,12/5/24,13C_root_soybean_pot62_0wk.dpt,62,soy,root,wk0,12/5/24,No mislabeling suspected,2799
186,0.6251169575177836,0.04011876,Normal - Expected difference,soil_vs_root,13C_soil_rice_pot79_0wk.dpt,79,rice,soil,wk0,12/5/24,13C_root_wheat_pot53_10wk.dpt,53,wheat,root,wk10,12/9/24,No mislabeling suspected,2799
187,0.6177025640539462,0.024389726622850987,Normal - Expected difference,soil_vs_root,13C_soil_rice_pot119_10wk.dpt,119,rice,soil,wk10,12/5/24,13C_root_rice_pot103_0wk.dpt,103,rice,root,wk0,12/9/24,No mislabeling suspected,2799
188,0.6129493058523738,0.027760721,Normal - Expected difference,soil_vs_root,13C_soil_rice_pot87_10wk.dpt,87,rice,soil,wk10,12/5/24,13C_root_rice_pot103_0wk.dpt,103,rice,root,wk0,12/9/24,No mislabeling suspected,2799
189,0.6100703609374469,0.027746597,Normal - Expected difference,soil_vs_root,13C_soil_rice_pot87_10wk.dpt,87,rice,soil,wk10,12/5/24,13C_root_soybean_pot94_10wk.dpt,94,soy,root,wk10,12/9/24,No mislabeling suspected,2799
190,0.6099151790110928,0.032085564118935116,Normal - Expected difference,soil_vs_root,13C_soil_rice_pot119_10wk.dpt,119,rice,soil,wk10,12/5/24,13C_root_soybean_pot62_0wk.dpt,62,soy,root,wk0,12/5/24,No mislabeling suspected,2799
191,0.6091367678754733,0.026228882,Normal - Expected difference,soil_vs_root,13C_soil_rice_pot79_0wk.dpt,79,rice,soil,wk0,12/5/24,13C_root_rice_pot103_0wk.dpt,103,rice,root,wk0,12/9/24,No mislabeling suspected,2799
192,0.608266803,0.021680935075922007,Normal - Expected difference,soil_vs_root,13C_soil_rice_pot119_10wk.dpt,119,rice,soil,wk10,12/5/24,13C_root_soybean_pot94_10wk.dpt,94,soy,root,wk10,12/9/24,No mislabeling suspected,2799
193,0.6075102438002973,0.030833092804600486,Normal - Expected difference,soil_vs_root,13C_soil_soybean_pot62_0wk.dpt,62,soy,soil,wk0,12/5/24,13C_root_wheat_pot32_0wk.dpt,32,wheat,root,wk0,12/9/24,No mislabeling suspected,2799
194,0.6060614124680163,0.041155349,Normal - Expected difference,soil_vs_root,13C_soil_rice_pot55_10wk.dpt,55,rice,soil,wk10,12/5/24,13C_root_rice_pot79_0wk.dpt,79,rice,root,wk0,12/9/24,No mislabeling suspected,2799
195,0.6044401047740725,0.041180435913194445,Normal - Expected difference,soil_vs_root,13C_soil_rice_pot87_10wk.dpt,87,rice,soil,wk10,12/5/24,13C_root_soybean_pot94_10wk.dpt,94,soy,root,wk10,12/5/24,No mislabeling suspected,2799
196,0.5797719555886036,0.052267499,Normal - Expected difference,soil_vs_root,13C_soil_rice_pot103_0wk.dpt,103,rice,soil,wk0,12/5/24,13C_root_soybean_pot94_10wk.dpt,94,soy,root,wk10,12/5/24,No mislabeling suspected,2799
197,0.5769603006971965,0.042257079339926416,Normal - Expected difference,soil_vs_root,13C_soil_rice_pot87_10wk.dpt,87,rice,soil,wk10,12/5/24,13C_root_soybean_pot62_0wk.dpt,62,soy,root,wk0,12/5/24,No mislabeling suspected,2799
198,0.5722920987557732,0.047917277954999164,Normal - Expected difference,soil_vs_root,13C_soil_soybean_pot62_0wk.dpt,62,soy,soil,wk0,12/5/24,13C_root_soybean_pot94_10wk.dpt,94,soy,root,wk10,12/5/24,No mislabeling suspected,2799
199,0.5705849075495266,0.024746596,Normal - Expected difference,soil_vs_root,13C_soil_rice_pot79_0wk.dpt,79,rice,soil,wk0,12/5/24,13C_root_soybean_pot94_10wk.dpt,94,soy,root,wk10,12/9/24,No mislabeling suspected,2799
200,0.5664649889099831,0.035726808,Normal - Expected difference,soil_vs_root,13C_soil_rice_pot103_0wk.dpt,103,rice,soil,wk0,12/5/24,13C_root_wheat_pot32_0wk.dpt,32,wheat,root,wk0,12/9/24,No mislabeling suspected,2799
201,0.5547948643154377,0.048401955813223034,Normal - Expected difference,soil_vs_root,13C_soil_rice_pot55_10wk.dpt,55,rice,soil,wk10,12/5/24,13C_root_wheat_pot53_10wk.dpt,53,wheat,root,wk10,12/9/24,No mislabeling suspected,2799
202,0.5523137822373424,0.035062676,Normal - Expected difference,soil_vs_root,13C_soil_rice_pot79_0wk.dpt,79,rice,soil,wk0,12/5/24,13C_soil_wheat_pot80_10wk.dpt,80,soy,root,wk10,12/5/24,No mislabeling suspected,2799
203,0.5474511823013606,0.053404295920776404,Normal - Expected difference,soil_vs_root,13C_soil_rice_pot103_0wk.dpt,103,rice,soil,wk0,12/5/24,13C_root_soybean_pot62_0wk.dpt,62,soy,root,wk0,12/5/24,No mislabeling suspected,2799
204,0.5451750604802215,0.015563979691718634,Normal - Expected difference,soil_vs_root,13C_soil_rice_pot55_10wk.dpt,55,rice,soil,wk10,12/5/24,13C_root_soybean_pot94_10wk.dpt,94,soy,root,wk10,12/5/24,No mislabeling suspected,2799
205,0.5436539631931024,0.029399111330999764,Normal - Expected difference,soil_vs_root,13C_soil_rice_pot87_10wk.dpt,87,rice,soil,wk10,12/5/24,13C_root_wheat_pot32_0wk.dpt,32,wheat,root,wk0,12/9/24,No mislabeling suspected,2799
206,0.5429565789517761,0.018780993,Normal - Expected difference,soil_vs_root,13C_soil_rice_pot55_10wk.dpt,55,rice,soil,wk10,12/5/24,13C_root_soybean_pot94_10wk.dpt,94,soy,root,wk10,12/9/24,No mislabeling suspected,2799
207,0.5427236718528902,0.024915051263381918,Normal - Expected difference,soil_vs_root,13C_soil_rice_pot119_10wk.dpt,119,rice,soil,wk10,12/5/24,13C_root_wheat_pot32_0wk.dpt,32,wheat,root,wk0,12/9/24,No mislabeling suspected,2799
208,0.5381939501864905,0.026665515184142365,Normal - Expected difference,soil_vs_root,13C_soil_rice_pot55_10wk.dpt,55,rice,soil,wk10,12/5/24,13C_root_rice_pot103_0wk.dpt,103,rice,root,wk0,12/9/24,No mislabeling suspected,2799
209,0.5328436965645809,0.033253528137915676,Normal - Expected difference,soil_vs_root,13C_soil_rice_pot119_10wk.dpt,119,rice,soil,wk10,12/5/24,13C_soil_wheat_pot80_10wk.dpt,80,soy,root,wk10,12/5/24,No mislabeling suspected,2799
210,0.529097533,0.045832613794605306,Normal - Expected difference,soil_vs_root,13C_soil_soybean_pot94_10wk.dpt,94,soy,soil,wk10,12/5/24,13C_root_wheat_pot53_10wk.dpt,53,wheat,root,wk10,12/9/24,No mislabeling suspected,2799
211,0.5258467370417168,0.049176137,Normal - Expected difference,soil_vs_root,13C_soil_soybean_pot62_0wk.dpt,62,soy,soil,wk0,12/5/24,13C_root_soybean_pot62_0wk.dpt,62,soy,root,wk0,12/5/24,No mislabeling suspected,2799
212,0.5233408736066135,0.023769003,Normal - Expected difference,soil_vs_root,13C_soil_rice_pot55_10wk.dpt,55,rice,soil,wk10,12/5/24,13C_root_wheat_pot32_0wk.dpt,32,wheat,root,wk0,12/9/24,No mislabeling suspected,2799
213,0.5079369010278258,0.028685451486318275,Normal - Expected difference,soil_vs_root,13C_soil_soybean_pot94_10wk.dpt,94,soy,soil,wk10,12/5/24,13C_root_rice_pot103_0wk.dpt,103,rice,root,wk0,12/9/24,No mislabeling suspected,2799
214,0.5065676720553749,0.027698699049704265,Normal - Expected difference,soil_vs_root,13C_soil_rice_pot79_0wk.dpt,79,rice,soil,wk0,12/5/24,13C_root_wheat_pot32_0wk.dpt,32,wheat,root,wk0,12/9/24,No mislabeling suspected,2799
215,0.4988069757745905,0.043409218,Normal - Expected difference,soil_vs_root,13C_soil_rice_pot87_10wk.dpt,87,rice,soil,wk10,12/5/24,13C_soil_wheat_pot80_10wk.dpt,80,soy,root,wk10,12/5/24,No mislabeling suspected,2799
216,0.4821740895136325,0.024246881223226078,Normal - Expected difference,soil_vs_root,13C_soil_soybean_pot94_10wk.dpt,94,soy,soil,wk10,12/5/24,13C_root_soybean_pot94_10wk.dpt,94,soy,root,wk10,12/9/24,No mislabeling suspected,2799
217,0.48111992,0.072430503,Normal - Expected difference,soil_vs_root,12C_soil_noplant_pot72_256scans.dpt,72,noPlant,soil,wk0,12/5/24,13C_root_soybean_pot94_10wk.dpt,94,soy,root,wk10,12/5/24,No mislabeling suspected,2799
218,0.48111992,0.072430503,Normal - Expected difference,soil_vs_root,13C_soil_noplant_pot72_0wk.dpt,72,noPlant,soil,wk0,12/9/24,13C_root_soybean_pot94_10wk.dpt,94,soy,root,wk10,12/5/24,No mislabeling suspected,2799
219,0.46591930812802407,0.054574506,Normal - Expected difference,soil_vs_root,13C_soil_rice_pot103_0wk.dpt,103,rice,soil,wk0,12/5/24,13C_soil_wheat_pot80_10wk.dpt,80,soy,root,wk10,12/5/24,No mislabeling suspected,2799
220,0.46275530804951437,0.032284387749412446,Normal - Expected difference,soil_vs_root,13C_soil_wheat_pot28_0wk.dpt,28,wheat,soil,wk0,12/5/24,13C_root_soybean_pot94_10wk.dpt,94,soy,root,wk10,12/5/24,No mislabeling suspected,2799
221,0.4560404550884926,0.017670069360272923,Normal - Expected difference,soil_vs_root,13C_soil_rice_pot55_10wk.dpt,55,rice,soil,wk10,12/5/24,13C_root_soybean_pot62_0wk.dpt,62,soy,root,wk0,12/5/24,No mislabeling suspected,2799
222,0.4438416345200776,0.050363599,Normal - Expected difference,soil_vs_root,13C_soil_soybean_pot62_0wk.dpt,62,soy,soil,wk0,12/5/24,13C_soil_wheat_pot80_10wk.dpt,80,soy,root,wk10,12/5/24,No mislabeling suspected,2799
223,0.43141965630532125,0.031814529,Normal - Expected difference,soil_vs_root,13C_soil_soybean_pot50_0wk.dpt,50,soy,soil,wk0,12/5/24,13C_root_soybean_pot94_10wk.dpt,94,soy,root,wk10,12/5/24,No mislabeling suspected,2799
224,0.4235625994412115,0.073772297,Normal - Expected difference,soil_vs_root,12C_soil_noplant_pot72_256scans.dpt,72,noPlant,soil,wk0,12/5/24,13C_root_soybean_pot62_0wk.dpt,62,soy,root,wk0,12/5/24,No mislabeling suspected,2799
225,0.4235625994412115,0.073772297,Normal - Expected difference,soil_vs_root,13C_soil_noplant_pot72_0wk.dpt,72,noPlant,soil,wk0,12/9/24,13C_root_soybean_pot62_0wk.dpt,62,soy,root,wk0,12/5/24,No mislabeling suspected,2799
226,0.4153754121596335,0.028484277,Normal - Expected difference,soil_vs_root,13C_soil_soybean_pot94_10wk.dpt,94,soy,soil,wk10,12/5/24,13C_root_wheat_pot32_0wk.dpt,32,wheat,root,wk0,12/9/24,No mislabeling suspected,2799
227,0.4019299638250835,0.039425481,Normal - Expected difference,soil_vs_root,13C_soil_wheat_pot29_10wk.dpt,29,wheat,soil,wk10,12/9/24,13C_root_soybean_pot94_10wk.dpt,94,soy,root,wk10,12/5/24,No mislabeling suspected,2799
228,0.3980789929915501,0.047996267,Normal - Expected difference,soil_vs_root,13C_soil_soybean_pot80_10wk.dpt,80,soy,soil,wk10,12/9/24,13C_root_soybean_pot94_10wk.dpt,94,soy,root,wk10,12/5/24,No mislabeling suspected,2799
229,0.39367933397964844,0.033777173,Normal - Expected difference,soil_vs_root,13C_soil_wheat_pot28_0wk.dpt,28,wheat,soil,wk0,12/5/24,13C_root_soybean_pot62_0wk.dpt,62,soy,root,wk0,12/5/24,No mislabeling suspected,2799
230,0.38583251628564047,0.047133452618434296,Normal - Expected difference,soil_vs_root,13C_soil_wheat_pot53_10wk.dpt,53,wheat,soil,wk10,12/9/24,13C_root_soybean_pot94_10wk.dpt,94,soy,root,wk10,12/5/24,No mislabeling suspected,2799
231,0.3854334703467381,0.058955560279659217,Normal - Expected difference,soil_vs_root,13C_soil_wheat_pot32_0wk.dpt,32,wheat,soil,wk0,12/9/24,13C_root_soybean_pot94_10wk.dpt,94,soy,root,wk10,12/5/24,No mislabeling suspected,2799
232,0.3747462523569544,0.018918753,Normal - Expected difference,soil_vs_root,13C_soil_rice_pot55_10wk.dpt,55,rice,soil,wk10,12/5/24,13C_soil_wheat_pot80_10wk.dpt,80,soy,root,wk10,12/5/24,No mislabeling suspected,2799
233,0.3615223760683316,0.055518852,Normal - Expected difference,soil_vs_root,13C_soil_rice_pot87_10wk.dpt,87,rice,soil,wk10,12/9/24,13C_root_soybean_pot94_10wk.dpt,94,soy,root,wk10,12/5/24,No mislabeling suspected,2799
234,0.36105938630571754,0.056405133,Normal - Expected difference,soil_vs_root,13C_soil_soybean_pot28_0wk.dpt,28,wheat,soil,wk0,12/9/24,13C_root_soybean_pot94_10wk.dpt,94,soy,root,wk10,12/5/24,No mislabeling suspected,2799
235,0.3549672704336238,0.03340304,Normal - Expected difference,soil_vs_root,13C_soil_soybean_pot50_0wk.dpt,50,soy,soil,wk0,12/5/24,13C_root_soybean_pot62_0wk.dpt,62,soy,root,wk0,12/5/24,No mislabeling suspected,2799
236,0.3475517820497367,0.048971472,Normal - Expected difference,soil_vs_root,13C_soil_rice_pot119_10wk.dpt,119,rice,soil,wk10,12/9/24,13C_root_soybean_pot94_10wk.dpt,94,soy,root,wk10,12/5/24,No mislabeling suspected,2799
237,0.34185292550066176,0.07494603,Normal - Expected difference,soil_vs_root,13C_soil_noplant_pot72_0wk.dpt,72,noPlant,soil,wk0,12/9/24,13C_soil_wheat_pot80_10wk.dpt,80,soy,root,wk10,12/5/24,No mislabeling suspected,2799
238,0.34185292550066176,0.07494603,Normal - Expected difference,soil_vs_root,12C_soil_noplant_pot72_256scans.dpt,72,noPlant,soil,wk0,12/5/24,13C_soil_wheat_pot80_10wk.dpt,80,soy,root,wk10,12/5/24,No mislabeling suspected,2799
239,0.3375547177362692,0.034855215,Normal - Expected difference,soil_vs_root,13C_soil_wheat_pot28_0wk.dpt,28,wheat,soil,wk0,12/5/24,13C_soil_wheat_pot80_10wk.dpt,80,soy,root,wk10,12/5/24,No mislabeling suspected,2799
240,0.33656009684445637,0.047551366,Normal - Expected difference,soil_vs_root,13C_soil_soybean_pot50_0wk.dpt,50,soy,soil,wk0,12/9/24,13C_root_soybean_pot94_10wk.dpt,94,soy,root,wk10,12/5/24,No mislabeling suspected,2799
241,0.33634936108082925,0.040928680526049574,Normal - Expected difference,soil_vs_root,13C_soil_wheat_pot29_10wk.dpt,29,wheat,soil,wk10,12/9/24,13C_root_soybean_pot62_0wk.dpt,62,soy,root,wk0,12/5/24,No mislabeling suspected,2799
242,0.33428261317286373,0.066536651,Normal - Expected difference,soil_vs_root,13C_soil_soybean_pot94_10wk.dpt,94,soy,soil,wk10,12/9/24,13C_root_soybean_pot94_10wk.dpt,94,soy,root,wk10,12/5/24,No mislabeling suspected,2799
243,0.33139563080783857,0.049449061779380826,Normal - Expected difference,soil_vs_root,13C_soil_soybean_pot80_10wk.dpt,80,soy,soil,wk10,12/9/24,13C_root_soybean_pot62_0wk.dpt,62,soy,root,wk0,12/5/24,No mislabeling suspected,2799
244,0.3229113356339404,0.052424901,Normal - Expected difference,soil_vs_root,13C_soil_soybean_pot12_10wk.dpt,12,soy,soil,wk10,12/9/24,13C_root_soybean_pot94_10wk.dpt,94,soy,root,wk10,12/5/24,No mislabeling suspected,2799
245,0.31925502738821004,0.051433016,Normal - Expected difference,soil_vs_root,13C_soil_wheat_pot1_0wk.dpt,1,wheat,soil,wk0,12/9/24,13C_root_soybean_pot94_10wk.dpt,94,soy,root,wk10,12/5/24,No mislabeling suspected,2799
246,0.31907596344545885,0.06033294,Normal - Expected difference,soil_vs_root,13C_soil_wheat_pot32_0wk.dpt,32,wheat,soil,wk0,12/9/24,13C_root_soybean_pot62_0wk.dpt,62,soy,root,wk0,12/5/24,No mislabeling suspected,2799
247,0.3120771893022493,0.048682721,Normal - Expected difference,soil_vs_root,13C_soil_wheat_pot53_10wk.dpt,53,wheat,soil,wk10,12/9/24,13C_root_soybean_pot62_0wk.dpt,62,soy,root,wk0,12/5/24,No mislabeling suspected,2799
248,0.30758305173003003,0.048252824,Normal - Expected difference,soil_vs_root,13C_soil_rice_pot79_0wk.dpt,79,rice,soil,wk0,12/9/24,13C_root_soybean_pot94_10wk.dpt,94,soy,root,wk10,12/5/24,No mislabeling suspected,2799
249,0.2991850361570873,0.034494894,Normal - Expected difference,soil_vs_root,13C_soil_soybean_pot50_0wk.dpt,50,soy,soil,wk0,12/5/24,13C_soil_wheat_pot80_10wk.dpt,80,soy,root,wk10,12/5/24,No mislabeling suspected,2799
250,0.2878643841006052,0.057870108,Normal - Expected difference,soil_vs_root,13C_soil_soybean_pot28_0wk.dpt,28,wheat,soil,wk0,12/9/24,13C_root_soybean_pot62_0wk.dpt,62,soy,root,wk0,12/5/24,No mislabeling suspected,2799
251,0.2833064963145232,0.057070172,Normal - Expected difference,soil_vs_root,13C_soil_rice_pot87_10wk.dpt,87,rice,soil,wk10,12/9/24,13C_root_soybean_pot62_0wk.dpt,62,soy,root,wk0,12/5/24,No mislabeling suspected,2799
252,0.27858542536552483,0.042013851,Normal - Expected difference,soil_vs_root,13C_soil_wheat_pot29_10wk.dpt,29,wheat,soil,wk10,12/9/24,13C_soil_wheat_pot80_10wk.dpt,80,soy,root,wk10,12/5/24,No mislabeling suspected,2799
253,0.27584822494361216,0.056656775,Normal - Expected difference,soil_vs_root,12C_soil_noplant_pot27_0wk.dpt,27,rice,soil,wk0,12/5/24,13C_root_soybean_pot94_10wk.dpt,94,soy,root,wk10,12/5/24,No mislabeling suspected,2799
254,0.2743019316693994,0.050511004,Normal - Expected difference,soil_vs_root,13C_soil_soybean_pot80_10wk.dpt,80,soy,soil,wk10,12/9/24,13C_soil_wheat_pot80_10wk.dpt,80,soy,root,wk10,12/5/24,No mislabeling suspected,2799
255,0.26419254938215786,0.05060206,Normal - Expected difference,soil_vs_root,13C_soil_rice_pot119_10wk.dpt,119,rice,soil,wk10,12/9/24,13C_root_soybean_pot62_0wk.dpt,62,soy,root,wk0,12/5/24,No mislabeling suspected,2799
256,0.26336279309554733,0.072129647,Normal - Expected difference,soil_vs_root,13C_soil_soybean_pot62_0wk.dpt,62,soy,soil,wk0,12/9/24,13C_root_soybean_pot94_10wk.dpt,94,soy,root,wk10,12/5/24,No mislabeling suspected,2799
257,0.2630831534237163,0.061356932,Normal - Expected difference,soil_vs_root,13C_soil_wheat_pot32_0wk.dpt,32,wheat,soil,wk0,12/9/24,13C_soil_wheat_pot80_10wk.dpt,80,soy,root,wk10,12/5/24,No mislabeling suspected,2799
258,0.2548828774036419,0.049768746,Normal - Expected difference,soil_vs_root,13C_soil_wheat_pot53_10wk.dpt,53,wheat,soil,wk10,12/9/24,13C_soil_wheat_pot80_10wk.dpt,80,soy,root,wk10,12/5/24,No mislabeling suspected,2799
259,0.25007660479041416,0.049161449,Normal - Expected difference,soil_vs_root,13C_soil_soybean_pot50_0wk.dpt,50,soy,soil,wk0,12/9/24,13C_root_soybean_pot62_0wk.dpt,62,soy,root,wk0,12/5/24,No mislabeling suspected,2799
260,0.24504602396550126,0.068104452,Normal - Expected difference,soil_vs_root,13C_soil_soybean_pot94_10wk.dpt,94,soy,soil,wk10,12/9/24,13C_root_soybean_pot62_0wk.dpt,62,soy,root,wk0,12/5/24,No mislabeling suspected,2799
261,0.23164132446608496,0.058912349,Normal - Expected difference,soil_vs_root,13C_soil_soybean_pot28_0wk.dpt,28,wheat,soil,wk0,12/9/24,13C_soil_wheat_pot80_10wk.dpt,80,soy,root,wk10,12/5/24,No mislabeling suspected,2799
262,0.2315921822742374,0.054043525,Normal - Expected difference,soil_vs_root,13C_soil_soybean_pot12_10wk.dpt,12,soy,soil,wk10,12/9/24,13C_root_soybean_pot62_0wk.dpt,62,soy,root,wk0,12/5/24,No mislabeling suspected,2799
263,0.22717056351302176,0.058140602107592323,Normal - Expected difference,soil_vs_root,13C_soil_rice_pot87_10wk.dpt,87,rice,soil,wk10,12/9/24,13C_soil_wheat_pot80_10wk.dpt,80,soy,root,wk10,12/5/24,No mislabeling suspected,2799
264,0.2225357534142123,0.053136883,Normal - Expected difference,soil_vs_root,13C_soil_wheat_pot1_0wk.dpt,1,wheat,soil,wk0,12/9/24,13C_root_soybean_pot62_0wk.dpt,62,soy,root,wk0,12/5/24,No mislabeling suspected,2799
265,0.21265655076602594,0.049973057,Normal - Expected difference,soil_vs_root,13C_soil_rice_pot79_0wk.dpt,79,rice,soil,wk0,12/9/24,13C_root_soybean_pot62_0wk.dpt,62,soy,root,wk0,12/5/24,No mislabeling suspected,2799
266,0.20776853944368598,0.051692297,Normal - Expected difference,soil_vs_root,13C_soil_rice_pot119_10wk.dpt,119,rice,soil,wk10,12/9/24,13C_soil_wheat_pot80_10wk.dpt,80,soy,root,wk10,12/5/24,No mislabeling suspected,2799
267,0.19271047629939575,0.050235968,Normal - Expected difference,soil_vs_root,13C_soil_soybean_pot50_0wk.dpt,50,soy,soil,wk0,12/9/24,13C_soil_wheat_pot80_10wk.dpt,80,soy,root,wk10,12/5/24,No mislabeling suspected,2799
268,0.18697820538610016,0.069163781,Normal - Expected difference,soil_vs_root,13C_soil_soybean_pot94_10wk.dpt,94,soy,soil,wk10,12/9/24,13C_soil_wheat_pot80_10wk.dpt,80,soy,root,wk10,12/5/24,No mislabeling suspected,2799
269,0.17433700048686146,0.055109933,Normal - Expected difference,soil_vs_root,13C_soil_soybean_pot12_10wk.dpt,12,soy,soil,wk10,12/9/24,13C_soil_wheat_pot80_10wk.dpt,80,soy,root,wk10,12/5/24,No mislabeling suspected,2799
270,0.16710259705928768,0.058311218645299846,Normal - Expected difference,soil_vs_root,12C_soil_noplant_pot27_0wk.dpt,27,rice,soil,wk0,12/5/24,13C_root_soybean_pot62_0wk.dpt,62,soy,root,wk0,12/5/24,No mislabeling suspected,2799
271,0.1652799481069067,0.054231082,Normal - Expected difference,soil_vs_root,13C_soil_wheat_pot1_0wk.dpt,1,wheat,soil,wk0,12/9/24,13C_soil_wheat_pot80_10wk.dpt,80,soy,root,wk10,12/5/24,No mislabeling suspected,2799
272,0.15632781721631453,0.051069758932119305,Normal - Expected difference,soil_vs_root,13C_soil_rice_pot79_0wk.dpt,79,rice,soil,wk0,12/9/24,13C_soil_wheat_pot80_10wk.dpt,80,soy,root,wk10,12/5/24,No mislabeling suspected,2799
273,0.15131679513024177,0.073863692,Normal - Expected difference,soil_vs_root,13C_soil_soybean_pot62_0wk.dpt,62,soy,soil,wk0,12/9/24,13C_root_soybean_pot62_0wk.dpt,62,soy,root,wk0,12/5/24,No mislabeling suspected,2799
274,0.11312714589586856,0.059326334,Normal - Expected difference,soil_vs_root,12C_soil_noplant_pot27_0wk.dpt,27,rice,soil,wk0,12/5/24,13C_soil_wheat_pot80_10wk.dpt,80,soy,root,wk10,12/5/24,No mislabeling suspected,2799
275,0.094973849,0.0749283,Normal - Expected difference,soil_vs_root,13C_soil_soybean_pot62_0wk.dpt,62,soy,soil,wk0,12/9/24,13C_soil_wheat_pot80_10wk.dpt,80,soy,root,wk10,12/5/24,No mislabeling suspected,2799